METEOR,BLEU,ROUGE-1,ROUGE-2,ROUGE-L
0.33253903744687835,0.13460010042588177,0.3456760539293664,0.25421890519185714,0.3375106048187092
