METEOR,BLEU,ROUGE-1,ROUGE-2,ROUGE-L
0.1106878775891878,0.006462456992915933,0.16945890463747645,0.0847307623560452,0.16764176537601672
