METEOR,BLEU,ROUGE-1,ROUGE-2,ROUGE-L
0.27236738450913023,0.07855710595071602,0.36409190347189496,0.22717485819673017,0.35917200669107535
