METEOR,BLEU,ROUGE-1,ROUGE-2,ROUGE-L
0.34915202351844166,0.08897747003434463,0.4151033826554434,0.2837633428594088,0.4080737513645778
